10000,robot-10000,123456
10001,robot-10001,123456
10002,robot-10002,123456
10003,robot-10003,123456
10004,robot-10004,123456
10005,robot-10005,123456
10006,robot-10006,123456
10007,robot-10007,123456
10008,robot-10008,123456
10009,robot-10009,123456
10010,robot-10010,123456
10011,robot-10011,123456
10012,robot-10012,123456
10013,robot-10013,123456
10014,robot-10014,123456
10015,robot-10015,123456
10016,robot-10016,123456
10017,robot-10017,123456
10018,robot-10018,123456
10019,robot-10019,123456
10020,robot-10020,123456
10021,robot-10021,123456
10022,robot-10022,123456
10023,robot-10023,123456
10024,robot-10024,123456
10025,robot-10025,123456
10026,robot-10026,123456
10027,robot-10027,123456
10028,robot-10028,123456
10029,robot-10029,123456
10030,robot-10030,123456
10031,robot-10031,123456
10032,robot-10032,123456
10033,robot-10033,123456
10034,robot-10034,123456
10035,robot-10035,123456
10036,robot-10036,123456
10037,robot-10037,123456
10038,robot-10038,123456
10039,robot-10039,123456
10040,robot-10040,123456
10041,robot-10041,123456
10042,robot-10042,123456
10043,robot-10043,123456
10044,robot-10044,123456
10045,robot-10045,123456
10046,robot-10046,123456
10047,robot-10047,123456
10048,robot-10048,123456
10049,robot-10049,123456
10050,robot-10050,123456
10051,robot-10051,123456
10052,robot-10052,123456
10053,robot-10053,123456
10054,robot-10054,123456
10055,robot-10055,123456
10056,robot-10056,123456
10057,robot-10057,123456
10058,robot-10058,123456
10059,robot-10059,123456
10060,robot-10060,123456
10061,robot-10061,123456
10062,robot-10062,123456
10063,robot-10063,123456
10064,robot-10064,123456
10065,robot-10065,123456
10066,robot-10066,123456
10067,robot-10067,123456
10068,robot-10068,123456
10069,robot-10069,123456
10070,robot-10070,123456
10071,robot-10071,123456
10072,robot-10072,123456
10073,robot-10073,123456
10074,robot-10074,123456
10075,robot-10075,123456
10076,robot-10076,123456
10077,robot-10077,123456
10078,robot-10078,123456
10079,robot-10079,123456
10080,robot-10080,123456
10081,robot-10081,123456
10082,robot-10082,123456
10083,robot-10083,123456
10084,robot-10084,123456
10085,robot-10085,123456
10086,robot-10086,123456
10087,robot-10087,123456
10088,robot-10088,123456
10089,robot-10089,123456
10090,robot-10090,123456
10091,robot-10091,123456
10092,robot-10092,123456
10093,robot-10093,123456
10094,robot-10094,123456
10095,robot-10095,123456
10096,robot-10096,123456
10097,robot-10097,123456
10098,robot-10098,123456
10099,robot-10099,123456
10100,robot-10100,123456
10101,robot-10101,123456
10102,robot-10102,123456
10103,robot-10103,123456
10104,robot-10104,123456
10105,robot-10105,123456
10106,robot-10106,123456
10107,robot-10107,123456
10108,robot-10108,123456
10109,robot-10109,123456
10110,robot-10110,123456
10111,robot-10111,123456
10112,robot-10112,123456
10113,robot-10113,123456
10114,robot-10114,123456
10115,robot-10115,123456
10116,robot-10116,123456
10117,robot-10117,123456
10118,robot-10118,123456
10119,robot-10119,123456
10120,robot-10120,123456
10121,robot-10121,123456
10122,robot-10122,123456
10123,robot-10123,123456
10124,robot-10124,123456
10125,robot-10125,123456
10126,robot-10126,123456
10127,robot-10127,123456
10128,robot-10128,123456
10129,robot-10129,123456
10130,robot-10130,123456
10131,robot-10131,123456
10132,robot-10132,123456
10133,robot-10133,123456
10134,robot-10134,123456
10135,robot-10135,123456
10136,robot-10136,123456
10137,robot-10137,123456
10138,robot-10138,123456
10139,robot-10139,123456
10140,robot-10140,123456
10141,robot-10141,123456
10142,robot-10142,123456
10143,robot-10143,123456
10144,robot-10144,123456
10145,robot-10145,123456
10146,robot-10146,123456
10147,robot-10147,123456
10148,robot-10148,123456
10149,robot-10149,123456
10150,robot-10150,123456
10151,robot-10151,123456
10152,robot-10152,123456
10153,robot-10153,123456
10154,robot-10154,123456
10155,robot-10155,123456
10156,robot-10156,123456
10157,robot-10157,123456
10158,robot-10158,123456
10159,robot-10159,123456
10160,robot-10160,123456
10161,robot-10161,123456
10162,robot-10162,123456
10163,robot-10163,123456
10164,robot-10164,123456
10165,robot-10165,123456
10166,robot-10166,123456
10167,robot-10167,123456
10168,robot-10168,123456
10169,robot-10169,123456
10170,robot-10170,123456
10171,robot-10171,123456
10172,robot-10172,123456
10173,robot-10173,123456
10174,robot-10174,123456
10175,robot-10175,123456
10176,robot-10176,123456
10177,robot-10177,123456
10178,robot-10178,123456
10179,robot-10179,123456
10180,robot-10180,123456
10181,robot-10181,123456
10182,robot-10182,123456
10183,robot-10183,123456
10184,robot-10184,123456
10185,robot-10185,123456
10186,robot-10186,123456
10187,robot-10187,123456
10188,robot-10188,123456
10189,robot-10189,123456
10190,robot-10190,123456
10191,robot-10191,123456
10192,robot-10192,123456
10193,robot-10193,123456
10194,robot-10194,123456
10195,robot-10195,123456
10196,robot-10196,123456
10197,robot-10197,123456
10198,robot-10198,123456
10199,robot-10199,123456
10200,robot-10200,123456
10201,robot-10201,123456
10202,robot-10202,123456
10203,robot-10203,123456
10204,robot-10204,123456
10205,robot-10205,123456
10206,robot-10206,123456
10207,robot-10207,123456
10208,robot-10208,123456
10209,robot-10209,123456
10210,robot-10210,123456
10211,robot-10211,123456
10212,robot-10212,123456
10213,robot-10213,123456
10214,robot-10214,123456
10215,robot-10215,123456
10216,robot-10216,123456
10217,robot-10217,123456
10218,robot-10218,123456
10219,robot-10219,123456
10220,robot-10220,123456
10221,robot-10221,123456
10222,robot-10222,123456
10223,robot-10223,123456
10224,robot-10224,123456
10225,robot-10225,123456
10226,robot-10226,123456
10227,robot-10227,123456
10228,robot-10228,123456
10229,robot-10229,123456
10230,robot-10230,123456
10231,robot-10231,123456
10232,robot-10232,123456
10233,robot-10233,123456
10234,robot-10234,123456
10235,robot-10235,123456
10236,robot-10236,123456
10237,robot-10237,123456
10238,robot-10238,123456
10239,robot-10239,123456
10240,robot-10240,123456
10241,robot-10241,123456
10242,robot-10242,123456
10243,robot-10243,123456
10244,robot-10244,123456
10245,robot-10245,123456
10246,robot-10246,123456
10247,robot-10247,123456
10248,robot-10248,123456
10249,robot-10249,123456
10250,robot-10250,123456
10251,robot-10251,123456
10252,robot-10252,123456
10253,robot-10253,123456
10254,robot-10254,123456
10255,robot-10255,123456
10256,robot-10256,123456
10257,robot-10257,123456
10258,robot-10258,123456
10259,robot-10259,123456
10260,robot-10260,123456
10261,robot-10261,123456
10262,robot-10262,123456
10263,robot-10263,123456
10264,robot-10264,123456
10265,robot-10265,123456
10266,robot-10266,123456
10267,robot-10267,123456
10268,robot-10268,123456
10269,robot-10269,123456
10270,robot-10270,123456
10271,robot-10271,123456
10272,robot-10272,123456
10273,robot-10273,123456
10274,robot-10274,123456
10275,robot-10275,123456
10276,robot-10276,123456
10277,robot-10277,123456
10278,robot-10278,123456
10279,robot-10279,123456
10280,robot-10280,123456
10281,robot-10281,123456
10282,robot-10282,123456
10283,robot-10283,123456
10284,robot-10284,123456
10285,robot-10285,123456
10286,robot-10286,123456
10287,robot-10287,123456
10288,robot-10288,123456
10289,robot-10289,123456
10290,robot-10290,123456
10291,robot-10291,123456
10292,robot-10292,123456
10293,robot-10293,123456
10294,robot-10294,123456
10295,robot-10295,123456
10296,robot-10296,123456
10297,robot-10297,123456
10298,robot-10298,123456
10299,robot-10299,123456
10300,robot-10300,123456
10301,robot-10301,123456
10302,robot-10302,123456
10303,robot-10303,123456
10304,robot-10304,123456
10305,robot-10305,123456
10306,robot-10306,123456
10307,robot-10307,123456
10308,robot-10308,123456
10309,robot-10309,123456
10310,robot-10310,123456
10311,robot-10311,123456
10312,robot-10312,123456
10313,robot-10313,123456
10314,robot-10314,123456
10315,robot-10315,123456
10316,robot-10316,123456
10317,robot-10317,123456
10318,robot-10318,123456
10319,robot-10319,123456
10320,robot-10320,123456
10321,robot-10321,123456
10322,robot-10322,123456
10323,robot-10323,123456
10324,robot-10324,123456
10325,robot-10325,123456
10326,robot-10326,123456
10327,robot-10327,123456
10328,robot-10328,123456
10329,robot-10329,123456
10330,robot-10330,123456
10331,robot-10331,123456
10332,robot-10332,123456
10333,robot-10333,123456
10334,robot-10334,123456
10335,robot-10335,123456
10336,robot-10336,123456
10337,robot-10337,123456
10338,robot-10338,123456
10339,robot-10339,123456
10340,robot-10340,123456
10341,robot-10341,123456
10342,robot-10342,123456
10343,robot-10343,123456
10344,robot-10344,123456
10345,robot-10345,123456
10346,robot-10346,123456
10347,robot-10347,123456
10348,robot-10348,123456
10349,robot-10349,123456
10350,robot-10350,123456
10351,robot-10351,123456
10352,robot-10352,123456
10353,robot-10353,123456
10354,robot-10354,123456
10355,robot-10355,123456
10356,robot-10356,123456
10357,robot-10357,123456
10358,robot-10358,123456
10359,robot-10359,123456
10360,robot-10360,123456
10361,robot-10361,123456
10362,robot-10362,123456
10363,robot-10363,123456
10364,robot-10364,123456
10365,robot-10365,123456
10366,robot-10366,123456
10367,robot-10367,123456
10368,robot-10368,123456
10369,robot-10369,123456
10370,robot-10370,123456
10371,robot-10371,123456
10372,robot-10372,123456
10373,robot-10373,123456
10374,robot-10374,123456
10375,robot-10375,123456
10376,robot-10376,123456
10377,robot-10377,123456
10378,robot-10378,123456
10379,robot-10379,123456
10380,robot-10380,123456
10381,robot-10381,123456
10382,robot-10382,123456
10383,robot-10383,123456
10384,robot-10384,123456
10385,robot-10385,123456
10386,robot-10386,123456
10387,robot-10387,123456
10388,robot-10388,123456
10389,robot-10389,123456
10390,robot-10390,123456
10391,robot-10391,123456
10392,robot-10392,123456
10393,robot-10393,123456
10394,robot-10394,123456
10395,robot-10395,123456
10396,robot-10396,123456
10397,robot-10397,123456
10398,robot-10398,123456
10399,robot-10399,123456
